page,line,order,prod,die,mat,grade,spec,colors,thk,gsm
1,SE11,H68A007-1,DPP30WB1066,PB204,PPP,P,R1R1R1,WB WB WB,3.0,602
1,SE11,H69A039-1,DPP30WB1023,PB204,PPP,P,R1R1R1,WB WB WB,3.0,631
1,SE11,H68A088-1,DPP30WB1021,PB204,PPP,P,R1R1R1,WB WB WB,3.0,514
1,SE11,H63A200-1,DPP30WB1025,PB204,PPP,P,R1R1R1,WB WB WB,3.0,631
1,SE11,RP26811-1,RPA20WB28,PB204,PPP,A,R1R1R1,WB WB WB,2.0,504
1,SE11,H69A180-1,RPP30KS1143,PB204,PPP,P,R4R4R4,KS KS KS,3.0,612
1,SE11,H69A180-2,RPP30KS1109,PB204,PPP,P,R4R4R4,KS KS KS,3.0,612
1,SE11,H69A206-1,RPP30BL654,PA204,PPP,P,R1R1R1,BL BL BL,3.0,602
2,SE12,H69A099-1,RPP40WB1853,PA3B5,PPP,P,R1R1R1,WB WB WB,4.0,651
2,SE12,RP26821-1,RPA40WB3142,PA3B5,PPP,A,R1R1R1,WB WB WB,4.0,651
2,SE12,RP26511-1,SPA40WB772,PA3B5,PPP,A,R1R1R1,WB WB WB,4.0,651
3,SE13,H69A237-1,RPP40WB1856,PA406,PPP,P,R1R1R1,WB WB WB,4.0,651
3,SE13,RP26618-3,SPA40WB772,PA406,PPP,A,R1R1R1,WB WB WB,4.0,651
3,SE13,RP26506-5,SPA40WB934,PA406,PPP,A,R1R1R1,WB WB WB,4.0,651
3,SE13,RP25522-4,SPA40WB772,PA406,PPP,A,R1R1R1,WB WB WB,4.0,651
3,SE13,H69A158-1,RPA40WB3715,PA406,PPP,A,R1R1R1,WB WB WB,4.0,651
3,SE13,H69A105-3,RPA40WB3342,PA406,PPP,A,R1R1R1,WB WB WB,4.0,651
3,SE13,RP26618-2,SPA40WB937,PA406,PPP,A,R1R1R1,WB WB WB,4.0,651
3,SE13,RP26717-1,RPA40WB3051,PA406,PPP,A,R1R1R1,WB WB WB,4.0,651
4,SE13,RP26327-1,SPA40WB772,PA406,PPP,A,R1R1R1,WB WB WB,4.0,651
4,SE13,RP24C18-4,RPA40WB3142,PA406,PPP,A,R1R1R1,WB WB WB,4.0,651
5,SE21,H69A090-2,RPP40KS2362,PB405,PPP,P,R4R4R4,KS KS KS,4.0,651
5,SE21,H69A238-1,RPP40KS2138,PB405,PPP,P,R4R4R4,KS KS KS,4.0,651
5,SE21,H69A238-3,RPP40KS2126,PB405,PPP,P,R4R4R4,KS KS KS,4.0,651
5,SE21,H69A238-5,RPP40KS2136,PB405,PPP,P,R4R4R4,KS KS KS,4.0,651
5,SE21,H69A238-2,RPP40KS1906,PB405,PPP,P,R4R4R4,KS KS KS,4.0,651
5,SE21,H69A238-4,RPP40KS2135,PB405,PPP,P,R4R4R4,KS KS KS,4.0,651
5,SE21,H69A206-2,RPP40KS2012,PB405,PPP,P,R4R4R4,KS KS KS,4.0,651
5,SE21,H69A139-1,DPP40KS303,PB405,PPP,P,R1R1R1,KS KS KS,4.0,651
5,SE21,RP26810-1,RPA40KS744,PB405,PPP,A,R1R1R1,KS KS KS,4.0,651
5,SE21,RP26424-2,RPA40WB3073,PB405,PPP,A,R1R1R1,WB WB WB,4.0,651
6,SE21,RP26527-1,RPA40WB3143,PB405,PPP,A,R1R1R1,WB WB WB,4.0,651
6,SE21,RP25818-2,RPA40WB3051,PB405,PPP,A,R1R1R1,WB WB WB,4.0,651
6,SE21,RP26512-1,DPP40WB1235,PB405,PPP,P,R1R1R1,WB WB WB,4.0,753
7,SE22,RP26311-1,RPAA0WB318,PB130,PPP,A,R1R1R1,WB WB WB,10.0,1704
7,SE22,H68A053-1,RPPD0WB176,PB130,PPP,P,R1R1R1,WB WB WB,13.0,2691
8,SE23,H69A166-1,RPP40WB1847,PB456,PPP,P,R1R1R1,WB WB WB,4.0,793
8,SE23,H68A091-1,DPP40WB1669,PB456,PPP,P,R1R1R1,WB WB WB,4.0,793
8,SE23,RP26821-2,RPA40WB3051,PB456,PPP,A,R1R1R1,WB WB WB,4.0,651
8,SE23,RP26731-2,DPP40WB1235,PB456,PPP,P,R1R1R1,WB WB WB,4.0,753
8,SE23,RP26902-1,DPP40WB1235,PB456,PPP,P,R1R1R1,WB WB WB,4.0,753
8,SE23,RP26202-1,RPA40WB3143,PB456,PPP,A,R1R1R1,WB WB WB,4.0,651
9,SE24,H69A237-3,RPP40WB1858,PC607,PPP,P,R1R1R1,WB WB WB,4.0,651
9,SE24,H69A237-2,RPP40WB1857,PC607,PPP,P,R1R1R1,WB WB WB,4.0,651
9,SE24,RP26901-1,RPA40WB3630,PC607,PPP,A,R1R1R1,WB WB WB,4.0,651
9,SE24,RP26803-2,RPA40WB3051,PC607,PPP,A,R1R1R1,WB WB WB,4.0,651
9,SE24,RP26514-1,RPA40WB1795,PC607,PPP,A,S1S1S1,WB WB WB,4.0,753
9,SE24,RP25710-1,RPP40WB1625,PC607,PPP,P,R4R4R4,WB WB WB,4.0,602
10,SE31,H69A105-4,SPA40WB776,PC405,PPP,A,R1R1R1,WB WB WB,4.0,651
10,SE31,H69A197-1,RPA40WB3723,PC405,PPP,A,R1R1R1,WB WB WB,4.0,651
10,SE31,H69A100-13,RPA40WB3466,PC405,PPP,A,R1R1R1,WB WB WB,4.0,651
10,SE31,H69A066-2,SPA40WM8,PC405,PPP,A,R1R1R1,WM WM WM,4.0,651
10,SE31,H69A066-1,SPA40WM14,PC405,PPP,A,R1R1R1,WM WM WM,4.0,753
10,SE31,H69A062-4,SPA40WM9,PC405,PPP,A,R1R1R1,WM WM WM,4.0,651
10,SE31,H69A066-5,SPA40WM9,PC405,PPP,A,R1R1R1,WM WM WM,4.0,651
11,SE31,H69A066-3,SPA40WM13,PC405,PPP,A,R1R1R1,WM WM WM,4.0,651
11,SE31,H69A225-1,RPA40WB3633,PC405,PPP,A,R1R1R1,WB WB WB,4.0,651
11,SE31,RP26413-1,SPA40WB765,PC405,PPP,A,R1R1R1,WB WB WB,4.0,651
11,SE31,RP26120-1,RPA40WB3051,PC405,PPP,A,R1R1R1,WB WB WB,4.0,651
12,SE32,RP26731-1,RPA40WB3051,PC406,PPP,A,R1R1R1,WB WB WB,4.0,651
12,SE32,RP26525-3,SPA40WB755,PC406,PPP,A,R1R1R1,WB WB WB,4.0,651
13,SE25,H68A111-4,RPP40WB890,PB406,PPP,P,R2R2R2,WB WB WB,4.0,783
13,SE25,H68A111-5,RPP40WB890,PB406,PPP,P,R2R2R2,WB WB WB,4.0,783
13,SE25,H69A097-1,RPP40WB1852,PB406,PPP,P,R1R1R1,WB WB WB,4.0,651
13,SE25,H68A127-1,DPP40WB1700,PB406,PPP,P,R1R1R1,WB GT WB,4.0,753
13,SE25,H66A116-1,DPP50WB308,PB406,PPP,P,R1R1R1,WB WB WB,5.0,1052
13,SE25,RP26717-2,RPP40WB1625,PB406,PPP,P,R4R4R4,WB WB WB,4.0,602
13,SE25,H64A244-1,DPP50WB305,PB406,PPP,P,R1R1R1,WB WB WB,5.0,1052
14,SE42,H68A080-1,CPP30KS215,PA205,PPP,P,R1R1R1,KS KS KS,3.0,660
14,SE42,RP26410-1,DPP40WB1235,PC405,PPP,P,R1R1R1,WB WB WB,4.0,753
15,SE43,RP26915-1,RPA40WB3143,PB405,PPP,A,R1R1R1,WB WB WB,4.0,651
15,SE43,RP26415-1,RPA40WB3073,PB405,PPP,A,R1R1R1,WB WB WB,4.0,651
15,SE43,RP26218-1,RPA40WB3051,PB405,PPP,A,R1R1R1,WB WB WB,4.0,651
15,SE43,RP26526-2,RPA40WB3126,PB405,PPP,A,R1R1R1,WB WB WB,4.0,651
16,SE61,RP26910-1,RBPA0EB3,BB510,BBB,P,RDRDRD,EB KS EB,10.0,3014
16,SE61,H68A020-1,RBPA0KS70,BB510,PPP,P,RDRDRD,KS KS KS,10.0,2006
16,SE61,H64A178-1,RBP50EB52,BB510,BBB,P,RMR6R6,EB KS EB,5.0,1502
16,SE61,H64A289-1,RBP50EB52,BB510,BBB,P,RMR6R6,EB KS EB,5.0,1502
16,SE61,H64A289-2,RBP50EB45,BB510,BBB,P,RMR6R6,EB KS EB,5.0,1502
16,SE61,H64A289-3,RBP50EB53,BB510,BBB,P,RMR6R6,EB KS EB,5.0,1502
16,SE61,H64A289-4,RBP50EB54,BB510,BBB,P,RMR6R6,EB KS EB,5.0,1502
16,SE61,RP26826-1,RBP50EB10,BB510,BBB,P,RDRDRD,EB KS EB,5.0,1503
